{
    "agent_state": {
        "init_pts": [
            -3.7423441410064697,
            0.11009860038757324,
            -3.0884838104248047
        ],
        "init_angle": [
            -0.16604441411789161,
            -0.7409465082326557,
            -0.1985360185156003,
            0.6196861898009786
        ]
    },
    "scene_graph": [
        379
    ],
    "frontiers": [
        {
            "coordinate": [
                -2.469699478149412,
                0.11009860038757324,
                -1.5859659194946296
            ],
            "rgb_id": "0_0.png"
        }
    ],
    "prediction": [
        0.0,
        1.0
    ]
}