{
    "agent_state": {
        "init_pts": [
            -2.7696994781494126,
            0.11009860038757324,
            -2.98596591949463
        ],
        "init_angle": [
            -0.027266795791490096,
            -0.9605505645637085,
            -0.25737874806410466,
            0.10176106725344629
        ]
    },
    "scene_graph": [
        379,
        387,
        396,
        397,
        393,
        529
    ],
    "frontiers": [
        {
            "coordinate": [
                -2.2696994781494126,
                0.11009860038757324,
                -0.6859659194946293
            ],
            "rgb_id": "1_0.png"
        }
    ],
    "prediction": [
        0.0,
        0.0,
        0.0,
        0.0,
        0.0,
        0.0,
        1.0
    ]
}