{
    "agent_state": {
        "init_pts": [
            -2.2696994781494126,
            0.11009860038757324,
            -2.1859659194946293
        ],
        "init_angle": [
            0.0,
            0.9659258262890683,
            0.25881904510252074,
            0.0
        ]
    },
    "scene_graph": [
        379,
        387,
        396,
        397,
        393,
        529,
        927,
        457,
        451
    ],
    "frontiers": [
        {
            "coordinate": [
                -3.7696994781494126,
                0.11009860038757324,
                -0.98596591949463
            ],
            "rgb_id": "2_0.png"
        },
        {
            "coordinate": [
                -1.969699478149412,
                0.11009860038757324,
                0.31403408050537074
            ],
            "rgb_id": "2_1.png"
        }
    ],
    "prediction": [
        0.0,
        0.0,
        0.0,
        0.0,
        0.0,
        0.0,
        0.0,
        0.0,
        0.0,
        0.0,
        1.0
    ]
}