{
    "agent_state": {
        "init_pts": [
            -2.0696994781494134,
            0.11009860038757324,
            -1.1859659194946293
        ],
        "init_angle": [
            -0.008612963802345046,
            -0.9653908348259705,
            -0.25867569457202616,
            0.03214401851410334
        ]
    },
    "scene_graph": [
        379,
        387,
        396,
        397,
        393,
        529,
        927,
        457,
        451,
        371,
        386,
        372
    ],
    "frontiers": [
        {
            "coordinate": [
                -1.869699478149414,
                0.11009860038757324,
                0.9140340805053704
            ],
            "rgb_id": "3_0.png"
        }
    ],
    "prediction": [
        0.0,
        0.0,
        0.0,
        0.0,
        0.0,
        0.0,
        0.0,
        0.0,
        0.0,
        0.0,
        0.0,
        0.0,
        1.0
    ]
}