{
    "agent_state": {
        "init_pts": [
            -2.0696994781494134,
            0.11009860038757324,
            -0.18596591949462926
        ],
        "init_angle": [
            -0.023243398424529063,
            -0.9620228232804534,
            -0.25777323859830614,
            0.08674554386090887
        ]
    },
    "scene_graph": [
        379,
        387,
        396,
        397,
        393,
        529,
        927,
        457,
        451,
        371,
        386,
        372
    ],
    "frontiers": [
        {
            "coordinate": [
                -2.869699478149414,
                0.11009860038757324,
                0.9140340805053704
            ],
            "rgb_id": "4_0.png"
        },
        {
            "coordinate": [
                -1.5696994781494134,
                0.11009860038757324,
                1.8140340805053707
            ],
            "rgb_id": "4_1.png"
        }
    ],
    "prediction": [
        0.0,
        0.0,
        0.0,
        0.0,
        0.0,
        0.0,
        0.0,
        0.0,
        0.0,
        0.0,
        0.0,
        0.0,
        0.0,
        1.0
    ]
}