{
    "agent_state": {
        "init_pts": [
            -1.969699478149412,
            0.11009860038757324,
            0.8140340805053707
        ],
        "init_angle": [
            -0.048944628047029246,
            -0.9484970342333765,
            -0.25414901434614817,
            0.18266383862907382
        ]
    },
    "scene_graph": [
        379,
        387,
        396,
        397,
        393,
        529,
        927,
        457,
        451,
        371,
        386,
        372,
        469,
        503,
        1091,
        426,
        458,
        401,
        444,
        220,
        359,
        354,
        182,
        181
    ],
    "frontiers": [
        {
            "coordinate": [
                -4.169699478149415,
                0.11009860038757324,
                1.3140340805053707
            ],
            "rgb_id": "5_0.png"
        },
        {
            "coordinate": [
                -1.869699478149414,
                0.11009860038757324,
                3.014034080505371
            ],
            "rgb_id": "5_1.png"
        },
        {
            "coordinate": [
                -0.5696994781494134,
                0.11009860038757324,
                2.51403408050537
            ],
            "rgb_id": "5_2.png"
        }
    ],
    "prediction": [
        0.0,
        0.0,
        0.0,
        0.0,
        0.0,
        0.0,
        0.0,
        0.0,
        0.0,
        0.0,
        0.0,
        0.0,
        0.0,
        0.0,
        0.0,
        0.0,
        0.0,
        0.0,
        0.0,
        0.0,
        0.0,
        0.0,
        0.0,
        0.0,
        0.0,
        1.0,
        0.0
    ]
}