scene_floor,init_x,init_y,init_z,init_angle
00062-ACZZiU6BXLz_0,5.2727423,0.08928397,2.7591858,0.7780219848775566
00062-ACZZiU6BXLz_1,11.218323,2.889284,0.31647313,1.7962015516113496